second,requests,errors,mean_ms,p50_ms,p95_ms,p99_ms,warmup
0,304,0,407.316,373.197,932.424,954.996,1
1,431,0,191.34,213.788,311.514,396.684,1
2,400,0,236.805,253.731,426.193,489.025,1
3,407,0,235.603,234.287,434.041,551.58,0
4,389,0,273.417,262.001,573.172,625.346,0
5,414,0,201.883,186.51,348.848,384.683,0
6,429,0,208.087,209.973,279.652,295.096,0
7,402,0,235.281,244.415,320.963,342.289,0
8,450,0,228.419,212.744,385.219,518.577,0
9,373,0,257.588,230.115,463.668,868.405,0
10,366,0,478.117,218.814,2126.932,3761.806,0
11,211,0,932.17,372.457,4177.412,5108.026,0
12,159,0,1060.748,356.081,4906.189,5256.989,0
13,148,0,1054.196,370.495,4175.892,4772.229,0
14,125,0,1143.102,344.591,3849.158,4590.278,0
15,83,0,814.371,374.437,2970.134,3633.913,0
16,102,0,688.692,287.169,2444.624,2706.374,0
17,163,0,556.813,281.997,1923.171,2064.965,0
18,221,0,457.221,256.643,1729.894,1984.235,0
19,301,0,384.184,186.423,1566.134,2226.444,0
20,286,0,511.191,191.5,2168.374,2792.345,0
21,191,0,550.77,304.69,2296.718,2675.679,0
22,235,0,605.686,228.271,2529.058,2839.038,0
23,223,0,669.825,208.697,3010.095,3495.016,0
24,197,0,618.458,240.207,2898.457,4126.866,0
25,205,0,640.154,211.463,3381.884,4047.2,0
26,201,0,891.193,207.327,3652.969,4499.684,0
27,179,0,777.634,188.734,3656.7,4178.468,0
28,141,0,679.651,200.222,3347.08,3929.518,0
29,163,0,765.607,189.635,3348.874,4302.322,0
30,136,0,705.388,324.419,3188.735,4077.807,0
31,178,0,619.759,231.78,3288.975,4322.73,0
32,225,0,776.798,226.882,3616.333,4417.064,0
33,169,0,768.213,208.296,3678.25,4254.303,0
34,177,0,891.527,201.144,4224,5146.219,0
35,140,0,1111.259,228.727,4626.575,5042.839,0
36,156,0,824.129,179.296,4650.911,5223.389,0
37,151,0,1161.152,166.239,4524.229,4766.866,0
38,122,0,907.992,193.556,3407.435,3908.871,0
39,94,0,673.54,223.197,2902.045,3374.651,0
